sujet,date,statut
La Nouvelle Objectivité allemande : nature morte après la Grande Guerre,2025-10-15T06:04:41.592099,succès
L'École de Norwich anglaise : paysages de l'East Anglia et naturalisme britannique,2025-10-15T08:54:55.872144,succès
L'École de Newlyn anglaise : lumière cornouaillaise et naturalisme côtier,2025-10-16T08:52:14.235998,succès
Le Vorticisme britannique et la nature géométrisée (1914-1915),2025-10-17T08:49:48.294343,succès
L'École de Worpswede allemande : nature mystique du nord (1889-1914),2025-10-20T08:50:15.058115,succès
L'École de Crozant française : vallée de la Creuse et pré-impressionnisme,2025-10-21T08:55:25.209963,succès
L'École de Concarneau : marines bretonnes et lumière atlantique,2025-10-22T08:57:03.131022,succès
L'École de Rouen : Seine et paysages normands impressionnistes,2025-10-23T08:51:49.858206,succès
L'École de Hague hollandaise : dunes et ciels des Pays-Bas (1860-1890),2025-10-24T08:50:02.565131,succès
Le Cubo-Futurisme russe et la nature fragmentée (1912-1915),2025-10-28T07:34:08.817419,succès
L'École de Tervuren belge : forêt de Soignes et naturalisme flamand,2025-11-04T07:35:09.269868,succès
L'Écoféminisme en art : nature et féminité dans l'art contemporain,2025-11-11T07:35:10.690776,succès
Les forêts de bouleaux dans l'art scandinave : pureté nordique en peinture,2025-11-18T07:13:40.891202,succès
La symbolique du chêne millénaire dans l'art romantique européen,2025-11-25T07:14:44.280550,succès
Comment peindre la bioluminescence marine : défi des artistes océaniques ?,2025-12-02T07:16:57.146418,succès
Les marais et tourbières dans l'art nordique : mystère des zones humides,2025-12-09T07:16:09.209472,succès
La représentation des geysers : Yellowstone et l'imaginaire américain,2025-12-16T07:17:54.603314,succès
Les falaises de craie anglaises : symbole national de Turner à nos jours,2025-12-23T07:18:30.653051,succès
